"";"id";"statusesCount";"followersCount";"favoritesCount";"friendsCount";"created";"verified";"relationship"
"1";"320462500";0;0;0;1;2011-06-19 23:35:04;FALSE;2
"2";"227718739";0;0;0;3;2010-12-17 16:23:43;FALSE;2
"3";"1431550435";0;0;0;25;2013-05-15 21:24:11;FALSE;2
"4";"1546012962";0;3;0;23;2013-06-25 15:43:31;FALSE;2
"5";"2706080738";0;3;0;53;2014-08-04 08:52:45;FALSE;2
"6";"3001610075";0;3;0;61;2015-01-27 16:26:41;FALSE;2
"7";"2830558445";0;4;2;47;2014-10-14 22:08:44;FALSE;2
"8";"3091392742";0;6;0;92;2015-03-13 16:13:06;FALSE;2
"9";"168924698";0;7;0;11;2010-07-21 03:15:34;FALSE;2
"10";"144228206";0;13;0;13;2010-05-15 17:27:54;FALSE;2
"11";"1445356699";0;16;0;138;2013-05-21 03:07:36;FALSE;2
"12";"2256908732";0;16;0;159;2013-12-21 20:34:12;FALSE;2
"13";"299306397";0;28;0;99;2011-05-15 21:13:42;FALSE;2
"14";"2769717200";0;32;0;278;2014-08-26 11:15:50;FALSE;2
"15";"154885205";0;35;1;89;2010-06-12 13:44:32;FALSE;2
"16";"116686842";0;39;0;267;2010-02-23 08:36:58;FALSE;2
"17";"1460314675";1;0;1;16;2013-05-26 18:13:03;FALSE;2
"18";"126832768";1;1;0;1;2010-03-27 03:50:20;FALSE;2
"19";"190859992";1;3;0;54;2010-09-15 00:53:42;FALSE;2
"20";"2970923087";1;4;0;19;2015-01-10 05:18:02;FALSE;2
"21";"152817770";1;5;0;2;2010-06-06 23:45:34;FALSE;2
"22";"129237229";1;8;0;10;2010-04-03 16:32:26;FALSE;2
"23";"268840459";1;14;0;45;2011-03-19 15:36:30;FALSE;2
"24";"65657396";1;64;0;23;2009-08-14 15:17:04;FALSE;1
"25";"49337388";1;88;0;666;2009-06-21 15:15:12;FALSE;2
"26";"233809923";2;6;3;155;2011-01-04 04:40:42;FALSE;2
"27";"167628125";2;13;0;12;2010-07-17 02:31:08;FALSE;2
"28";"128998363";2;140;0;98;2010-04-02 21:42:58;FALSE;2
"29";"2923662474";4;2;0;46;2014-12-09 10:18:12;FALSE;2
"30";"140580278";5;6;0;3;2010-05-05 21:52:29;FALSE;2
"31";"148943889";5;71;0;15;2010-05-28 00:58:54;FALSE;2
"32";"197230874";6;19;17;54;2010-09-30 23:46:52;FALSE;2
"33";"95242124";6;873;0;1803;2009-12-07 17:28:08;FALSE;2
"34";"277245927";7;19;0;15;2011-04-05 00:20:56;FALSE;2
"35";"172200011";7;28;0;119;2010-07-29 03:46:19;FALSE;2
"36";"415288465";10;15;0;96;2011-11-18 04:24:19;FALSE;2
"37";"221903555";10;24;0;135;2010-12-01 23:03:07;FALSE;2
"38";"133463208";11;15;0;13;2010-04-15 21:36:46;FALSE;2
"39";"807541003";11;23;0;194;2012-09-06 20:22:44;FALSE;2
"40";"103096565";11;30;0;40;2010-01-08 21:55:47;FALSE;1
"41";"103096565";11;30;0;40;2010-01-08 21:55:47;FALSE;2
"42";"1979302831";12;18;2;73;2013-10-21 16:28:01;FALSE;2
"43";"2708339687";12;49;10;402;2014-07-13 21:53:24;FALSE;2
"44";"95242151";13;925;0;1772;2009-12-07 17:28:18;FALSE;2
"45";"95243887";13;1593;0;2065;2009-12-07 17:37:04;FALSE;2
"46";"109640260";14;94;7;202;2010-01-29 19:14:38;FALSE;2
"47";"587934083";17;35;0;55;2012-05-23 02:22:07;FALSE;2
"48";"95241936";17;1598;0;1998;2009-12-07 17:27:10;FALSE;2
"49";"374188665";19;74;1;182;2011-09-15 21:26:51;FALSE;2
"50";"175967551";20;18;0;79;2010-08-08 04:29:51;FALSE;2
"51";"144170443";25;26;18;114;2010-05-15 14:10:27;FALSE;2
"52";"629492431";27;17;12;206;2012-07-07 17:11:31;FALSE;2
"53";"2346201619";30;8;0;203;2014-02-16 04:00:03;FALSE;2
"54";"132213886";31;71;0;6;2010-04-12 16:12:45;FALSE;1
"55";"1295557892";36;15;11;153;2013-03-24 14:59:33;FALSE;2
"56";"717011484";43;134;0;441;2012-07-25 23:57:15;FALSE;2
"57";"1244263656";46;12;34;55;2013-03-05 17:53:59;FALSE;2
"58";"149534331";47;33;1;124;2010-05-29 14:52:24;FALSE;2
"59";"243229840";50;46;8;322;2011-01-26 16:00:38;FALSE;2
"60";"2341824407";50;84;1;339;2014-02-13 18:54:23;FALSE;2
"61";"61505043";62;126;4;307;2009-07-30 14:45:38;FALSE;2
"62";"391092972";74;123;1;11;2011-10-15 01:33:17;FALSE;1
"63";"193796341";80;171;1;256;2010-09-22 18:10:16;FALSE;2
"64";"332782799";82;125;1;309;2011-07-10 12:12:11;FALSE;2
"65";"120568282";89;328;0;1698;2010-03-06 21:19:17;FALSE;2
"66";"249475435";91;44;10;125;2011-02-09 03:35:39;FALSE;2
"67";"131368100";96;99;4;129;2010-04-10 02:18:13;FALSE;1
"68";"131368100";96;99;4;129;2010-04-10 02:18:13;FALSE;2
"69";"34649310";101;13;3;57;2009-04-23 15:59:11;FALSE;1
"70";"34649310";101;13;3;57;2009-04-23 15:59:11;FALSE;2
"71";"731269872";107;80;1;198;2012-08-01 19:11:12;FALSE;2
"72";"413972887";112;43;2;101;2011-11-16 13:33:58;FALSE;2
"73";"129239544";112;44;2;89;2010-04-03 16:42:00;FALSE;2
"74";"223591199";115;68;23;178;2010-12-06 20:19:47;FALSE;2
"75";"432193686";128;64;1;329;2011-12-09 04:19:43;FALSE;2
"76";"582857840";140;72;3;227;2012-05-17 15:10:24;FALSE;2
"77";"78808246";148;18;6;166;2009-10-01 04:47:01;FALSE;1
"78";"78808246";148;18;6;166;2009-10-01 04:47:01;FALSE;2
"79";"309402811";150;69;0;308;2011-06-02 01:27:09;FALSE;2
"80";"193124487";155;128;12;395;2010-09-21 01:12:26;FALSE;1
"81";"193124487";155;128;12;395;2010-09-21 01:12:26;FALSE;2
"82";"106063564";166;775;0;1373;2010-01-18 11:22:16;FALSE;2
"83";"2179658326";170;55;29;299;2013-11-13 14:03:44;FALSE;2
"84";"55670152";175;53;72;276;2009-07-10 21:31:28;FALSE;1
"85";"55670152";175;53;72;276;2009-07-10 21:31:28;FALSE;2
"86";"196397061";179;33;0;96;2010-09-29 01:00:12;FALSE;2
"87";"109231178";222;86;5;174;2010-01-28 11:17:01;FALSE;1
"88";"109231178";222;86;5;174;2010-01-28 11:17:01;FALSE;2
"89";"136285046";234;115;31;271;2010-04-23 14:10:59;FALSE;1
"90";"136285046";234;115;31;271;2010-04-23 14:10:59;FALSE;2
"91";"116039217";241;85;0;324;2010-02-20 22:58:21;FALSE;2
"92";"8273632";242;3147681;0;6;2007-08-18 22:38:39;TRUE;1
"93";"243232514";244;76;5;657;2011-01-26 16:07:44;FALSE;2
"94";"229891560";247;99;0;47;2010-12-23 16:30:24;FALSE;1
"95";"326814114";250;43;2;290;2011-06-30 14:48:31;FALSE;2
"96";"137323964";274;257;1;1916;2010-04-26 12:50:17;FALSE;1
"97";"137323964";274;257;1;1916;2010-04-26 12:50:17;FALSE;2
"98";"139488313";281;523;1;1868;2010-05-02 19:43:04;FALSE;2
"99";"230953446";288;23;7;112;2010-12-27 05:10:58;FALSE;1
"100";"230953446";288;23;7;112;2010-12-27 05:10:58;FALSE;2
"101";"339203011";291;51;4;125;2011-07-20 18:56:41;FALSE;1
"102";"339203011";291;51;4;125;2011-07-20 18:56:41;FALSE;2
"103";"282635270";293;150;0;271;2011-04-15 15:59:15;FALSE;2
"104";"52887468";302;27;0;65;2009-07-01 23:20:38;FALSE;2
"105";"134809494";311;177;20;446;2010-04-19 14:14:58;FALSE;2
"106";"190907652";324;126;62;380;2010-09-15 03:46:37;FALSE;1
"107";"190907652";324;126;62;380;2010-09-15 03:46:37;FALSE;2
"108";"223942304";360;171;0;168;2010-12-07 18:57:28;FALSE;2
"109";"475937821";377;126;9;345;2012-01-27 16:04:23;FALSE;2
"110";"210148656";436;141;0;340;2010-10-30 17:52:35;FALSE;2
"111";"302280299";464;101;5;423;2011-05-20 22:34:53;FALSE;2
"112";"1477883648";497;132;9;1123;2013-06-02 18:12:09;FALSE;2
"113";"177186017";501;107;3;137;2010-08-11 13:37:33;FALSE;2
"114";"386813580";625;104;3;144;2011-10-07 23:30:29;FALSE;2
"115";"165965180";690;89;31;100;2010-07-13 00:28:06;FALSE;1
"116";"165965180";690;89;31;100;2010-07-13 00:28:06;FALSE;2
"117";"51927108";699;298;13;233;2009-06-29 02:31:26;FALSE;1
"118";"51927108";699;298;13;233;2009-06-29 02:31:26;FALSE;2
"119";"72586500";798;105;5;334;2009-09-08 15:55:30;FALSE;1
"120";"72586500";798;105;5;334;2009-09-08 15:55:30;FALSE;2
"121";"348881157";840;225;0;307;2011-08-05 04:38:29;FALSE;2
"122";"102465339";842;322;10;361;2010-01-06 20:05:59;FALSE;1
"123";"102465339";842;322;10;361;2010-01-06 20:05:59;FALSE;2
"124";"163990242";893;408;8;405;2010-07-07 19:35:39;FALSE;2
"125";"66716937";1423;125;12;242;2009-08-18 16:00:32;FALSE;1
"126";"66716937";1423;125;12;242;2009-08-18 16:00:32;FALSE;2
"127";"107139423";1425;185;43;1120;2010-01-21 17:21:23;FALSE;1
"128";"107139423";1425;185;43;1120;2010-01-21 17:21:23;FALSE;2
"129";"115773698";1715;305;51;1092;2010-02-19 22:21:29;FALSE;1
"130";"115773698";1715;305;51;1092;2010-02-19 22:21:29;FALSE;2
"131";"354425685";1861;105;1;106;2011-08-13 18:03:35;FALSE;1
"132";"354425685";1861;105;1;106;2011-08-13 18:03:35;FALSE;2
"133";"87785755";2036;294;17;538;2009-11-05 21:19:23;FALSE;1
"134";"87785755";2036;294;17;538;2009-11-05 21:19:23;FALSE;2
"135";"1599698178";2238;4030;1;4430;2013-07-17 01:44:51;FALSE;1
"136";"1599698178";2238;4030;1;4430;2013-07-17 01:44:51;FALSE;2
"137";"287886345";2537;298;112;1371;2011-04-25 21:28:41;FALSE;2
"138";"57209954";3401;188;1;153;2009-07-16 02:02:54;FALSE;1
"139";"57209954";3401;188;1;153;2009-07-16 02:02:54;FALSE;2
"140";"103484608";3625;220;8;299;2010-01-10 05:03:59;FALSE;1
"141";"103484608";3625;220;8;299;2010-01-10 05:03:59;FALSE;2
"142";"127071466";4121;355;1;543;2010-03-27 23:41:01;FALSE;2
"143";"624279772";4870;2794;14;871;2012-07-02 02:13:17;FALSE;1
"144";"624279772";4870;2794;14;871;2012-07-02 02:13:17;FALSE;2
"145";"51470149";5305;6027;40;2914;2009-06-27 15:42:03;FALSE;1
"146";"51470149";5305;6027;40;2914;2009-06-27 15:42:03;FALSE;2
"147";"166334775";5361;393;9;725;2010-07-13 22:23:24;FALSE;2
"148";"87984256";5902;169;13;85;2009-11-06 17:07:47;FALSE;1
"149";"87984256";5902;169;13;85;2009-11-06 17:07:47;FALSE;2
"150";"24232163";7694;657;22;320;2009-03-13 19:18:40;FALSE;1
"151";"58307217";9749;173;330;346;2009-07-19 22:06:06;FALSE;1
"152";"58307217";9749;173;330;346;2009-07-19 22:06:06;FALSE;2
"153";"115366285";10571;161;0;447;2010-02-18 12:36:24;FALSE;2
"154";"132737839";12402;310;0;733;2010-04-14 01:55:16;FALSE;2
"155";"93244226";38033;626;11;457;2009-11-28 19:30:28;FALSE;1
"156";"93244226";38033;626;11;457;2009-11-28 19:30:28;FALSE;2
"157";"65493750";41024;470;25;382;2009-08-13 22:59:30;FALSE;1
"158";"15721345";64831;31711;1;407;2008-08-04 12:19:15;FALSE;1
"159";"138648959";86;32;1;72;2010-04-30 04:36:41;FALSE;2
"160";"818729984";614;209;139;475;2012-09-12 03:15:04;FALSE;2
"161";"1014384037";38792;2392874;181;132;2012-12-16 03:07:57;FALSE;1
"162";"143123903";118;92;14;298;2010-05-12 17:11:12;FALSE;1
"163";"143123903";118;92;14;298;2010-05-12 17:11:12;FALSE;2
"164";"582348076";14199;18619;150;99;2012-05-17 01:46:22;FALSE;1
"165";"86052970";5954;651;14;395;2009-10-29 12:17:09;FALSE;1
"166";"97516624";4939;183;48;203;2009-12-17 20:16:05;FALSE;1
"167";"97516624";4939;183;48;203;2009-12-17 20:16:05;FALSE;2
"168";"299524352";4115;4810;2;4809;2011-05-16 07:28:53;FALSE;2
"169";"1679082542";768;189;3;456;2013-08-17 20:26:24;FALSE;2
"170";"17594530";391;23554;60;13249;2008-11-24 16:17:22;FALSE;1
"171";"53698539";3747;5825;3;493;2009-07-04 16:03:25;FALSE;1
"172";"167243073";7047;550;53;512;2010-07-16 02:50:56;FALSE;1
"173";"167243073";7047;550;53;512;2010-07-16 02:50:56;FALSE;2
"174";"21996011";15902;5255;42;36;2009-02-26 10:17:18;FALSE;1
"175";"64333051";831;20656;0;87;2009-08-10 04:11:54;FALSE;1
"176";"47491330";15025;5109395;0;1704;2009-06-16 00:29:07;TRUE;1
"177";"83962025";65565;2133;286;1062;2009-10-21 00:29:48;FALSE;1
"178";"83962025";65565;2133;286;1062;2009-10-21 00:29:48;FALSE;2
"179";"12084942";17439;733;1947;492;2008-01-10 20:41:41;FALSE;1
"180";"22336458";19979;68645;1286;70395;2009-03-01 05:46:43;FALSE;2
"181";"89513845";930;231;2;773;2009-11-12 19:01:25;FALSE;2
"182";"16692603";6107;55489;38;2047;2008-10-11 03:24:22;FALSE;1
"183";"718563265";700;218;2;422;2012-07-26 19:02:08;FALSE;2
"184";"116619554";1064;201958;0;201;2010-02-23 03:04:23;FALSE;1
"185";"104649456";16699;20897;1219;187;2010-01-13 23:59:42;FALSE;1
"186";"93672254";1949;4955;0;181;2009-11-30 17:18:52;FALSE;1
"187";"752399006";104;79;0;284;2012-08-12 03:42:11;FALSE;2
"188";"407799335";1015;349;38;935;2011-11-08 15:30:53;FALSE;2
"189";"131589183";9024;420;255;399;2010-04-10 18:41:46;FALSE;2
"190";"129210006";2169;303;34;357;2010-04-03 14:47:02;FALSE;2
"191";"171763850";7736;302;24;254;2010-07-28 03:14:31;FALSE;2
"192";"134297479";4750;343;356;510;2010-04-18 01:28:37;FALSE;1
"193";"134297479";4750;343;356;510;2010-04-18 01:28:37;FALSE;2
"194";"63549738";35487;1710;443;1998;2009-08-06 21:46:07;FALSE;1
"195";"63549738";35487;1710;443;1998;2009-08-06 21:46:07;FALSE;2
"196";"1599479330";4;27;0;146;2013-07-16 23:12:04;FALSE;2
"197";"62306128";3545;166;20;186;2009-08-02 17:31:42;FALSE;1
"198";"62306128";3545;166;20;186;2009-08-02 17:31:42;FALSE;2
"199";"58923235";52285;538;1262;395;2009-07-21 21:12:43;FALSE;1
"200";"58923235";52285;538;1262;395;2009-07-21 21:12:43;FALSE;2
"201";"195627508";108;42;2;90;2010-09-27 05:10:57;FALSE;2
"202";"245065959";1233;148;18;415;2011-01-30 20:08:57;FALSE;1
"203";"245065959";1233;148;18;415;2011-01-30 20:08:57;FALSE;2
"204";"469715791";188;89;1;500;2012-01-20 22:20:37;FALSE;2
"205";"238162704";13920;726;1353;580;2011-01-14 14:24:48;FALSE;1
"206";"145057848";33816;392;243;373;2010-05-18 01:16:51;FALSE;1
"207";"120921487";1605;177;34;214;2010-03-08 00:32:57;FALSE;1
"208";"120921487";1605;177;34;214;2010-03-08 00:32:57;FALSE;2
"209";"614781590";1315;97;0;286;2012-06-22 02:42:20;FALSE;2
"210";"211865508";802;247;57;613;2010-11-04 13:51:02;FALSE;1
"211";"211865508";802;247;57;613;2010-11-04 13:51:02;FALSE;2
"212";"250730952";3858;158;33;203;2011-02-11 17:52:00;FALSE;1
"213";"250730952";3858;158;33;203;2011-02-11 17:52:00;FALSE;2
"214";"104283148";22760;833;3400;847;2010-01-12 21:48:11;FALSE;1
"215";"104283148";22760;833;3400;847;2010-01-12 21:48:11;FALSE;2
"216";"54935783";8199;976;131;758;2009-07-08 15:55:26;FALSE;1
"217";"54935783";8199;976;131;758;2009-07-08 15:55:26;FALSE;2
"218";"2205618823";3;8;1;80;2013-11-20 21:17:04;FALSE;2
"219";"123306600";2864;290;94;501;2010-03-15 17:33:14;FALSE;1
"220";"123306600";2864;290;94;501;2010-03-15 17:33:14;FALSE;2
"221";"197627601";2368;135;4;454;2010-10-02 00:59:26;FALSE;1
"222";"197627601";2368;135;4;454;2010-10-02 00:59:26;FALSE;2
"223";"54292899";87495;943;12403;786;2009-07-06 18:43:20;FALSE;1
"224";"54292899";87495;943;12403;786;2009-07-06 18:43:20;FALSE;2
"225";"289364665";6278;331;780;191;2011-04-28 14:29:25;FALSE;1
"226";"289364665";6278;331;780;191;2011-04-28 14:29:25;FALSE;2
"227";"126992728";17830;773;5576;1015;2010-03-27 17:37:54;FALSE;1
"228";"126992728";17830;773;5576;1015;2010-03-27 17:37:54;FALSE;2
"229";"399228952";1186;149;1;259;2011-10-27 05:44:41;FALSE;2
"230";"129561413";3669;283;3;439;2010-04-04 18:19:51;FALSE;2
"231";"90928876";14361;430;72;414;2009-11-18 18:33:53;FALSE;1
"232";"90928876";14361;430;72;414;2009-11-18 18:33:53;FALSE;2
"233";"36573954";18343;392;335;188;2009-04-30 02:50:44;FALSE;2
"234";"36573954";18344;392;335;188;2009-04-30 02:50:44;FALSE;1
"235";"77304722";14997;155;666;159;2009-09-25 20:35:51;FALSE;1
"236";"77304722";14997;155;666;159;2009-09-25 20:35:51;FALSE;2
"237";"62070178";111;287;70;1959;2009-08-01 16:50:42;FALSE;2
"238";"21425125";34768;12270721;603;2302;2009-02-20 19:30:51;FALSE;1
"239";"39655587";17396;1530;9;227;2009-05-13 01:37:09;FALSE;1
"240";"33679546";14733;1084;136;784;2009-04-20 21:53:51;FALSE;1
"241";"33679546";14733;1084;136;784;2009-04-20 21:53:51;FALSE;2
"242";"222239485";67;259;12;341;2010-12-02 21:11:21;FALSE;2
"243";"75179228";889;139;12;479;2009-09-18 02:29:20;FALSE;2
"244";"158861055";2140;204;75;386;2010-06-23 21:18:40;FALSE;2
"245";"148213718";9837;620574;36;815;2010-05-26 03:53:28;FALSE;1
"246";"365405815";2162;849;0;1227;2011-08-31 11:40:15;FALSE;2
"247";"88537980";178792;102300;25;1310;2009-11-08 23:26:19;FALSE;1
"248";"139210326";2677;91964;661;17808;2010-05-01 22:34:30;FALSE;1
"249";"139210326";2677;91964;661;17808;2010-05-01 22:34:30;FALSE;2
"250";"47029738";34708;45442;78;39225;2009-06-14 04:07:50;FALSE;1
"251";"47029738";34708;45442;78;39225;2009-06-14 04:07:50;FALSE;2
"252";"327529710";358;279;0;3;2011-07-01 18:26:07;FALSE;1
"253";"76168396";5075;7947;241;8248;2009-09-21 22:39:10;FALSE;1
"254";"864888211";308;54;27;113;2012-10-06 15:46:29;FALSE;2
"255";"114505584";2284;238;32;406;2010-02-15 16:59:38;FALSE;2
"256";"102480886";2;1;0;1;2010-01-06 21:11:44;FALSE;1
"257";"102480886";2;1;0;1;2010-01-06 21:11:44;FALSE;2
"258";"104082267";20519;13950;0;9929;2010-01-12 05:44:28;FALSE;1
"259";"104082267";20519;13950;0;9929;2010-01-12 05:44:28;FALSE;2
"260";"1732663279";11201;2103;0;15;2013-09-05 17:57:21;FALSE;1
"261";"186298879";3814;65977;30;21937;2010-09-03 02:22:28;FALSE;1
"262";"186298879";3814;65977;30;21937;2010-09-03 02:22:28;FALSE;2
"263";"125815104";5244;499;382;1176;2010-03-23 23:40:28;FALSE;2
"264";"80901604";34953;1562;4659;1940;2009-10-08 17:48:46;FALSE;2
"265";"6776102";20660;50886;222;1909;2007-06-12 20:50:18;FALSE;1
"266";"6776102";20660;50886;222;1909;2007-06-12 20:50:18;FALSE;2
"267";"105667163";45651;1533;289;1380;2010-01-17 02:53:38;FALSE;1
"268";"105667163";45651;1533;289;1380;2010-01-17 02:53:38;FALSE;2
"269";"124848870";13389;594;29;1311;2010-03-20 19:53:01;FALSE;1
"270";"124848870";13389;594;29;1311;2010-03-20 19:53:01;FALSE;2
"271";"88780259";27080;996;1688;1222;2009-11-09 22:29:35;FALSE;1
"272";"88780259";27080;996;1688;1222;2009-11-09 22:29:35;FALSE;2
"273";"107287570";16449;329;257;248;2010-01-22 02:47:45;FALSE;1
"274";"107287570";16449;329;257;248;2010-01-22 02:47:45;FALSE;2
"275";"2666232115";6;4;0;34;2014-07-21 15:43:14;FALSE;2
"276";"35826071";33233;7205;5510;349;2009-04-27 19:01:00;FALSE;1
"277";"107134389";6969;353;86;447;2010-01-21 17:04:01;FALSE;1
"278";"107134389";6969;353;86;447;2010-01-21 17:04:01;FALSE;2
"279";"38673878";128405;65343;468;36800;2009-05-08 14:20:32;FALSE;2
"280";"38673878";128456;65343;468;36800;2009-05-08 14:20:32;FALSE;1
"281";"116207838";30;58;0;118;2010-02-21 15:44:27;FALSE;1
"282";"116207838";30;58;0;118;2010-02-21 15:44:27;FALSE;2
"283";"522707069";151;781;1;1797;2012-03-13 00:17:02;FALSE;2
"284";"2865662044";2;0;0;21;2014-11-07 13:39:44;FALSE;2
"285";"197456911";6901;9983;107;5741;2010-10-01 15:11:54;FALSE;2
"286";"1228312916";32350;1297469;156;105;2013-02-28 20:21:12;FALSE;1
"287";"2567582426";59;53;1;25;2014-06-14 18:35:02;FALSE;1
"288";"2598327541";170;1520;6;445;2014-07-01 17:31:45;FALSE;1
"289";"144655345";1305;92;2;364;2010-05-16 23:34:13;FALSE;1
"290";"144655345";1305;92;2;364;2010-05-16 23:34:13;FALSE;2
"291";"154306011";3715;242;21;304;2010-06-10 22:32:25;FALSE;1
"292";"154306011";3715;242;21;304;2010-06-10 22:32:25;FALSE;2
"293";"145962607";190641;28403;4;7225;2010-05-20 08:34:47;FALSE;1
"294";"172171682";45;116;16;167;2010-07-29 02:13:26;FALSE;2
"295";"1877536490";104;341;3;1689;2013-09-18 01:16:16;FALSE;2
"296";"203515318";1613;153;13;275;2010-10-16 13:10:58;FALSE;1
"297";"203515318";1613;153;13;275;2010-10-16 13:10:58;FALSE;2
"298";"277570925";67;162;0;172;2011-04-05 16:49:55;FALSE;2
"299";"180505807";6042;38018100;76;2;2010-08-19 20:11:11;TRUE;1
"300";"63222565";25112;9035;732;1988;2009-08-05 19:03:10;FALSE;1
"301";"1074668461";353;328;45;578;2013-01-09 19:25:37;FALSE;2
"302";"77038112";14679;76999;1188;24780;2009-09-24 20:41:08;FALSE;1
"303";"76048238";2444;817;19;68;2009-09-21 15:06:59;FALSE;1
"304";"319745121";2715;2454;243;332;2011-06-18 17:20:06;FALSE;1
"305";"94173593";62689;19781;570;670;2009-12-02 20:54:33;FALSE;1
"306";"898491";5053;73434;10;79226;2007-03-11 03:59:04;FALSE;1
"307";"898491";5053;73434;10;79226;2007-03-11 03:59:04;FALSE;2
"308";"404760414";176;57;54;153;2011-11-04 11:21:34;FALSE;2
"309";"119488560";4254;1343;0;1369;2010-03-03 20:21:12;FALSE;1
"310";"119488560";4254;1343;0;1369;2010-03-03 20:21:12;FALSE;2
"311";"33884545";47410;9864907;1122;392;2009-04-21 12:14:47;TRUE;1
"312";"545068604";219;79;5;173;2012-04-04 11:57:46;FALSE;2
"313";"33905807";17578;3105408;42509;104917;2009-04-21 13:41:09;TRUE;1
"314";"15846407";10262;41201565;218;39064;2008-08-14 03:50:42;TRUE;1
"315";"452174846";6841;409;33;579;2012-01-01 14:23:04;FALSE;1
"316";"452174846";6841;409;33;579;2012-01-01 14:23:04;FALSE;2
"317";"71318604";32782;115234;1823;7140;2009-09-03 18:11:05;FALSE;1
"318";"331948399";11;157;0;830;2011-07-09 00:03:25;FALSE;2
"319";"29929963";12422;337;68;310;2009-04-09 05:32:45;FALSE;1
"320";"29929963";12422;337;68;310;2009-04-09 05:32:45;FALSE;2
"321";"64624775";5084;168;2046;134;2009-08-11 04:26:46;FALSE;1
"322";"64624775";5084;168;2046;134;2009-08-11 04:26:46;FALSE;2
"323";"73009932";14690;195;314;350;2009-09-10 01:38:23;FALSE;1
"324";"73009932";14690;195;314;350;2009-09-10 01:38:23;FALSE;2
"325";"133858301";72;58;8;237;2010-04-16 20:40:04;FALSE;2
"326";"5414782";4095;6074;2;7180;2007-04-22 23:56:00;FALSE;1
"327";"5414782";4095;6074;2;7180;2007-04-22 23:56:00;FALSE;2
"328";"30061191";7877;388;669;659;2009-04-09 20:34:44;FALSE;1
"329";"30061191";7877;388;669;659;2009-04-09 20:34:44;FALSE;2
"330";"51813322";29929;1537;290;807;2009-06-28 19:20:19;FALSE;1
"331";"178202885";63945;134391;9;121937;2010-08-14 03:46:11;FALSE;1
"332";"178202885";63945;134391;9;121937;2010-08-14 03:46:11;FALSE;2
"333";"146130732";355383;125627;24;28915;2010-05-20 17:28:55;FALSE;2
"334";"146130732";355394;125627;24;28915;2010-05-20 17:28:55;FALSE;1
"335";"173249870";14;59;0;295;2010-07-31 22:09:32;FALSE;2
"336";"126725902";1553;36;0;136;2010-03-26 20:06:39;FALSE;2
"337";"380179506";18250;2186;621;1526;2011-09-26 06:23:19;FALSE;1
"338";"68448205";152092;391486;743;9067;2009-08-24 16:40:16;FALSE;1
"339";"88737832";1473;255;106;777;2009-11-09 19:22:46;FALSE;2
"340";"473398440";4;21489;11;48;2012-01-24 23:03:32;FALSE;1
"341";"49159743";46038;2839;165;99;2009-06-20 23:37:08;FALSE;1
"342";"36414477";9245;65912;0;113;2009-04-29 17:23:32;TRUE;1
"343";"70502750";239969;59954;1;183;2009-08-31 21:16:17;FALSE;1
"344";"177656790";193683;506776;1;5;2010-08-12 18:42:08;FALSE;1
"345";"78197958";10747;454;141;732;2009-09-29 02:54:52;FALSE;1
"346";"78197958";10747;454;141;732;2009-09-29 02:54:52;FALSE;2
"347";"21506904";2563;913;0;492;2009-02-21 18:47:37;FALSE;1
"348";"2569261";23959;165660;6017;673;2007-03-27 22:56:04;TRUE;1
"349";"220145170";3599;118797;170;15;2010-11-26 22:33:41;FALSE;1
"350";"926696402";765;363;81;341;2012-11-05 02:45:26;FALSE;2
"351";"59479494";152950;1066;1208;885;2009-07-23 14:32:56;FALSE;2
"352";"59479494";152953;1066;1208;885;2009-07-23 14:32:56;FALSE;1
"353";"69481060";15196;461;54;558;2009-08-28 02:31:04;FALSE;1
"354";"69481060";15196;461;54;558;2009-08-28 02:31:04;FALSE;2
"355";"47415118";2492;2629;6;1254;2009-06-15 19:10:58;FALSE;2
"356";"234500734";474;308;4;439;2011-01-05 20:27:33;FALSE;1
"357";"234500734";474;308;4;439;2011-01-05 20:27:33;FALSE;2
"358";"306535281";720;153;18;292;2011-05-28 01:46:48;FALSE;2
"359";"30048176";71753;7032;136;4091;2009-04-09 19:28:08;FALSE;1
"360";"491826452";6;447;6;822;2012-02-14 02:06:20;FALSE;2
"361";"1253070590";1835;276;67;476;2013-03-09 00:39:52;FALSE;2
"362";"85226674";8892;629;13;1084;2009-10-26 03:15:53;FALSE;1
"363";"85226674";8892;629;13;1084;2009-10-26 03:15:53;FALSE;2
"364";"99828167";16087;810;24;837;2009-12-28 01:36:39;FALSE;1
"365";"99828167";16087;810;24;837;2009-12-28 01:36:39;FALSE;2
"366";"157041812";9068;20733;665;108;2010-06-18 17:43:17;FALSE;1
"367";"91637663";953;720;1;1437;2009-11-21 19:34:12;FALSE;1
"368";"91637663";953;720;1;1437;2009-11-21 19:34:12;FALSE;2
"369";"152877873";575;59;15;109;2010-06-07 03:20:57;FALSE;1
"370";"152877873";575;59;15;109;2010-06-07 03:20:57;FALSE;2
"371";"375830954";7;21;3;34;2011-09-18 20:21:30;FALSE;2
"372";"124065168";8;3455;4;987;2010-03-18 04:25:29;FALSE;1
"373";"144213894";279;4341;0;229;2010-05-15 16:37:07;FALSE;1
"374";"31433872";7751;28282;137;5096;2009-04-15 15:30:40;FALSE;1
"375";"31433872";7751;28282;137;5096;2009-04-15 15:30:40;FALSE;2
"376";"108844785";8528;346;64;349;2010-01-27 05:20:27;FALSE;1
"377";"108844785";8528;346;64;349;2010-01-27 05:20:27;FALSE;2
"378";"134300581";6;491;0;6;2010-04-18 01:40:40;FALSE;1
"379";"52075001";22579;26274;4;325;2009-06-29 14:42:23;FALSE;1
"380";"92498229";9285;34027;23;29;2009-11-25 11:03:31;FALSE;1
"381";"241746074";62;34;12;83;2011-01-23 01:43:55;FALSE;2
"382";"124228601";392;160;1;198;2010-03-18 17:54:05;FALSE;1
"383";"124228601";392;160;1;198;2010-03-18 17:54:05;FALSE;2
"384";"161279565";9684;1111;0;1956;2010-06-30 12:53:05;FALSE;2
"385";"97974174";157084;133226;188;90968;2009-12-19 20:15:53;FALSE;1
"386";"97974174";157084;133226;188;90968;2009-12-19 20:15:53;FALSE;2
"387";"43436585";269;86;9;195;2009-05-29 23:41:52;FALSE;2
"388";"121836655";8107;11569;59;2106;2010-03-10 19:09:03;FALSE;1
"389";"74492844";52382;502028;160;912;2009-09-15 16:50:15;TRUE;1
"390";"143445588";497;4941;0;0;2010-05-13 13:48:24;FALSE;1
"391";"1653821096";17390;5331;18;4602;2013-08-07 20:32:17;FALSE;1
"392";"2342197760";671;419;151;361;2014-02-13 16:00:20;FALSE;2
"393";"404600975";37549;4250;0;5160;2011-11-04 04:37:02;FALSE;1
"394";"404600975";37549;4250;0;5160;2011-11-04 04:37:02;FALSE;2
"395";"630328377";795;620;0;530;2012-07-08 14:20:25;FALSE;2
"396";"129280923";38324;1849772;5959;69;2010-04-03 19:41:52;FALSE;1
"397";"77054564";32918;1725347;574;1392;2009-09-24 22:02:11;TRUE;1
"398";"146079400";982;245;0;568;2010-05-20 15:04:57;FALSE;2
"399";"120728604";169;187;1;645;2010-03-07 10:42:55;FALSE;2
"400";"287221526";372;828;10;838;2011-04-24 15:17:31;FALSE;1
"401";"287221526";372;828;10;838;2011-04-24 15:17:31;FALSE;2
"402";"941469864";22740;5987;26;41;2012-11-11 14:57:51;FALSE;1
"403";"287960829";24078;8202;760;473;2011-04-26 00:31:50;FALSE;1
"404";"55693804";6113;45140;7;9818;2009-07-10 23:15:14;FALSE;2
"405";"193282914";81490;574943;139;4322;2010-09-21 13:01:40;FALSE;1
"406";"30781485";2701;269;28;357;2009-04-13 02:10:30;FALSE;1
"407";"30781485";2701;269;28;357;2009-04-13 02:10:30;FALSE;2
"408";"331928124";1057;49;8;383;2011-07-08 23:15:13;FALSE;2
"409";"295242735";78;89;13;468;2011-05-08 16:56:49;FALSE;2
"410";"585118145";1241;164;17;556;2012-05-19 21:48:22;FALSE;2
"411";"148549365";91;112;1;125;2010-05-27 00:26:06;FALSE;1
"412";"148549365";91;112;1;125;2010-05-27 00:26:06;FALSE;2
"413";"282655442";1351;119;6;126;2011-04-15 16:48:34;FALSE;1
"414";"282655442";1351;119;6;126;2011-04-15 16:48:34;FALSE;2
"415";"323922351";649;131;108;256;2011-06-25 17:28:18;FALSE;2
"416";"131024733";74;147;0;205;2010-04-09 01:47:58;FALSE;1
"417";"131024733";74;147;0;205;2010-04-09 01:47:58;FALSE;2
"418";"188604385";904;92;16;253;2010-09-09 03:38:56;FALSE;1
"419";"188604385";904;92;16;253;2010-09-09 03:38:56;FALSE;2
"420";"117851604";1354;277;2;382;2010-02-26 20:46:57;FALSE;1
"421";"117851604";1354;277;2;382;2010-02-26 20:46:57;FALSE;2
"422";"210487431";2030;186;6;230;2010-10-31 15:12:50;FALSE;1
"423";"210487431";2030;186;6;230;2010-10-31 15:12:50;FALSE;2
"424";"125457976";2570;315;5;609;2010-03-22 22:04:45;FALSE;1
"425";"125457976";2570;315;5;609;2010-03-22 22:04:45;FALSE;2
"426";"219407492";618;244;34;1701;2010-11-24 19:45:56;FALSE;2
"427";"280301085";18;59;1;107;2011-04-11 02:12:08;FALSE;2
"428";"51876801";6077;148;18;269;2009-06-28 23:10:22;FALSE;1
"429";"51876801";6077;148;18;269;2009-06-28 23:10:22;FALSE;2
"430";"415603980";3333;308;189;690;2011-11-18 15:18:38;FALSE;2
"431";"128886512";2287;221;27;407;2010-04-02 14:07:29;FALSE;2
"432";"171315068";3907;463;60;653;2010-07-27 02:17:18;FALSE;2
"433";"83247079";113;71;0;93;2009-10-17 23:35:04;FALSE;2
"434";"69979607";17264;789;358;600;2009-08-29 22:29:37;FALSE;1
"435";"69979607";17264;789;358;600;2009-08-29 22:29:37;FALSE;2
"436";"46391674";42264;645;229;830;2009-06-11 13:59:32;FALSE;1
"437";"114910658";4608;282;44;360;2010-02-17 00:51:41;FALSE;1
"438";"114910658";4608;282;44;360;2010-02-17 00:51:41;FALSE;2
"439";"377655665";296;262;12;1005;2011-09-21 22:30:35;FALSE;2
"440";"14378372";65883;35406;23911;10100;2008-04-13 22:06:07;FALSE;1
"441";"11348282";35969;9334862;484;232;2007-12-19 20:20:32;TRUE;1
"442";"82808797";24365;5495;162;204;2009-10-16 05:40:46;FALSE;1
"443";"16727535";11492;3836977;68;521;2008-10-13 20:59:15;TRUE;1
"444";"15973392";26125;657553;315;85922;2008-08-24 22:21:55;TRUE;1
"445";"15973392";26125;657553;315;85922;2008-08-24 22:21:55;TRUE;2
"446";"8440552";2423;15986;2;12745;2007-08-26 12:56:42;FALSE;1
"447";"8440552";2423;15986;2;12745;2007-08-26 12:56:42;FALSE;2
"448";"103550181";24849;2622572;2090;229792;2010-01-10 11:47:21;FALSE;2
"449";"103550181";24849;2622574;2090;229792;2010-01-10 11:47:21;FALSE;1
"450";"51300154";38935;3767;1647;1033;2009-06-27 01:14:16;FALSE;1
"451";"51300154";38935;3767;1647;1033;2009-06-27 01:14:16;FALSE;2
"452";"27637281";24857;610;89;529;2009-03-30 13:38:57;FALSE;1
"453";"27637281";24857;610;89;529;2009-03-30 13:38:57;FALSE;2
"454";"18144310";11529;83893;1;17;2008-12-15 19:39:49;FALSE;1
"455";"55132926";8623;2925;1342;2963;2009-07-09 03:47:25;FALSE;1
"456";"55132926";8625;2925;1342;2963;2009-07-09 03:47:25;FALSE;2
"457";"187127892";9143;28919;2113;13625;2010-09-05 10:08:59;FALSE;1
"458";"122703242";762;1502;1;1929;2010-03-13 16:04:04;FALSE;2
"459";"133640443";8;27;0;17;2010-04-16 08:22:14;FALSE;2
"460";"800059591";287;787;3;1412;2012-09-03 09:47:29;FALSE;2
"461";"334883766";220;267;0;496;2011-07-13 20:27:56;FALSE;2
"462";"75112680";6918;547968;1;13;2009-09-17 20:54:47;FALSE;1
"463";"840802393";653;357;13;1005;2012-09-23 01:46:55;FALSE;2
"464";"160031896";185;85;5;90;2010-06-27 01:01:16;FALSE;2
"465";"63852253";1285;164;47;150;2009-08-07 23:23:20;FALSE;1
"466";"63852253";1285;164;47;150;2009-08-07 23:23:20;FALSE;2
"467";"69941585";12642;671;256;495;2009-08-29 19:26:57;FALSE;1
"468";"117269326";416;207;7;159;2010-02-25 02:28:22;FALSE;1
"469";"117269326";416;207;7;159;2010-02-25 02:28:22;FALSE;2
"470";"31471128";3423;51690;1;191;2009-04-15 18:07:07;FALSE;1
"471";"104198446";15391;799;1264;325;2010-01-12 16:01:17;FALSE;1
"472";"104198446";15391;799;1264;325;2010-01-12 16:01:17;FALSE;2
"473";"2990349939";143;256;0;159;2015-01-21 18:50:55;FALSE;1
"474";"2990349939";143;256;0;159;2015-01-21 18:50:55;FALSE;2
"475";"154604973";4735;181010;7;442;2010-06-11 18:10:45;FALSE;1
"476";"192377130";654;6188;2;49;2010-09-18 23:58:48;FALSE;1
"477";"758970";145577;25276;4778;3366;2007-02-08 22:38:49;FALSE;1
"478";"142353798";11617;542;145;240;2010-05-10 17:19:58;FALSE;2
"479";"6778832";8759;37533;52;16918;2007-06-13 00:18:38;FALSE;2
"480";"731191812";85;33;0;125;2012-08-01 18:20:59;FALSE;2
"481";"308749192";214;77;4;285;2011-05-31 23:04:18;FALSE;2
"482";"14114420";58404;603692;73;217912;2008-03-10 15:07:28;TRUE;1
"483";"14114420";58405;603691;73;217914;2008-03-10 15:07:28;TRUE;2
"484";"419057365";7;8;0;36;2011-11-22 22:14:23;FALSE;2
"485";"421465131";84;118;0;288;2011-11-26 00:06:27;FALSE;2
"486";"171147699";19;430;1;1143;2010-07-26 17:35:42;FALSE;1
"487";"171147699";19;430;1;1143;2010-07-26 17:35:42;FALSE;2
"488";"226327934";3413;320;4;268;2010-12-13 22:21:30;FALSE;2
"489";"32331513";120;319;0;23;2009-04-17 06:24:06;FALSE;1
"490";"288505420";13132;163077;3080;116;2011-04-26 23:56:01;FALSE;1
"491";"132679073";3376;654128;0;4851;2010-04-13 22:19:28;FALSE;1
"492";"111849851";15508;351;0;643;2010-02-06 10:11:19;FALSE;2
"493";"110896777";5112;287;0;535;2010-02-03 03:50:45;FALSE;1
"494";"224391977";74111;328883;3;77;2010-12-08 21:59:53;FALSE;1
"495";"375421752";58;45;14;377;2011-09-18 03:20:17;FALSE;2
"496";"339896411";27506;50693;526;465;2011-07-21 20:48:09;FALSE;1
"497";"24956738";499;244;2286;264;2009-03-17 21:17:21;FALSE;1
"498";"259982877";22967;368;177;192;2011-03-03 00:09:32;FALSE;1
"499";"259982877";22967;368;177;192;2011-03-03 00:09:32;FALSE;2
"500";"41890881";8856;354;40;207;2009-05-22 20:13:00;FALSE;1
"501";"132585687";11406;33992;22;3422;2010-04-13 16:55:05;FALSE;1
"502";"124172948";1525978;4666789;565;91;2010-03-18 14:02:00;TRUE;1
"503";"74764184";10935;12995;0;482;2009-09-16 16:00:15;FALSE;1
"504";"414980668";71050;49107;4;49;2011-11-17 19:00:42;FALSE;1
"505";"63576327";8841;16662;6;1046;2009-08-06 23:35:26;FALSE;1
"506";"189750708";608;634;0;19;2010-09-12 03:35:28;FALSE;1
"507";"189750708";608;634;0;19;2010-09-12 03:35:28;FALSE;2
"508";"34159550";62453;1504;1841;1114;2009-04-22 03:05:21;FALSE;1
"509";"34159550";62453;1504;1841;1114;2009-04-22 03:05:21;FALSE;2
"510";"331988266";763;109;19;431;2011-07-09 01:38:26;FALSE;2
"511";"147715011";4286;250;5;321;2010-05-24 21:36:39;FALSE;1
"512";"147715011";4286;250;5;321;2010-05-24 21:36:39;FALSE;2
"513";"184976782";455;156;3;545;2010-08-30 23:19:10;FALSE;2
"514";"180822107";2206;2331;1;851;2010-08-20 15:39:43;FALSE;2
"515";"103470061";800;309;0;831;2010-01-10 03:49:37;FALSE;1
"516";"103470061";800;309;0;831;2010-01-10 03:49:37;FALSE;2
"517";"17156400";10610;1742;17;1287;2008-11-04 14:11:56;FALSE;1
"518";"17156400";10610;1742;17;1287;2008-11-04 14:11:56;FALSE;2
"519";"123953576";14458;22218;2346;612;2010-03-17 19:18:27;FALSE;1
"520";"352517946";1301;560;2;75;2011-08-10 18:48:46;FALSE;1
"521";"1713801698";31;58;3;237;2013-08-30 21:42:36;FALSE;2
"522";"2602659770";1;17;0;51;2014-07-04 02:57:36;FALSE;2
"523";"7490092";9105;62953;5;803;2007-07-15 17:35:04;FALSE;2
"524";"7490092";9107;62953;5;803;2007-07-15 17:35:04;FALSE;1
"525";"63565333";3100;1212;13;2001;2009-08-06 22:52:44;FALSE;1
"526";"63565333";3100;1212;13;2001;2009-08-06 22:52:44;FALSE;2
"527";"345818197";24762;124105;16;118570;2011-07-31 06:42:39;FALSE;1
"528";"51055990";15062;560;606;491;2009-06-26 13:30:14;FALSE;1
"529";"100836334";476;144;10;665;2009-12-31 20:10:29;FALSE;1
"530";"100836334";476;144;10;665;2009-12-31 20:10:29;FALSE;2
"531";"234828254";1255;185;72;620;2011-01-06 17:33:31;FALSE;2
"532";"116054502";1862;183;0;449;2010-02-21 00:32:39;FALSE;2
"533";"93473293";1726;35342;13;15;2009-11-29 20:30:36;FALSE;1
"534";"112791981";75;34;2;8;2010-02-09 18:38:08;FALSE;1
"535";"66429119";101758;525091;1479;302981;2009-08-17 17:50:13;FALSE;1
"536";"434594683";13;73;8;216;2011-12-12 02:19:50;FALSE;2
"537";"127425159";352;349;5;652;2010-03-29 04:40:05;FALSE;2
"538";"37598043";61724;201305;438;2495;2009-05-04 04:54:31;FALSE;1
"539";"824017177";4;289;0;1706;2012-09-14 21:19:06;FALSE;2
"540";"74042781";15494;1429356;59;22;2009-09-14 02:23:17;FALSE;1
"541";"279159385";2175;533;30;1855;2011-04-08 18:12:46;FALSE;2
"542";"68588673";84889;1163;2907;345;2009-08-25 02:51:51;FALSE;1
"543";"346566709";9614;9015;92;310;2011-08-01 13:42:56;FALSE;1
"544";"200616120";479;297;2;24;2010-10-09 19:28:08;FALSE;1
"545";"834702151";18791;2128764;138964;623;2012-09-20 03:45:21;FALSE;1
"546";"183388087";2311;68659;20;48717;2010-08-26 21:56:07;FALSE;2
"547";"310405424";51325;45742;191;28660;2011-06-03 17:58:16;FALSE;1
"548";"310405424";51325;45742;191;28660;2011-06-03 17:58:16;FALSE;2
"549";"111032044";7459;463;826;969;2010-02-03 15:45:02;FALSE;2
"550";"75859217";4475;374;41;498;2009-09-20 19:40:36;FALSE;2
"551";"149523293";1163;367;4;540;2010-05-29 14:17:57;FALSE;1
"552";"149523293";1163;367;4;540;2010-05-29 14:17:57;FALSE;2
"553";"302218302";92;222;6;396;2011-05-20 20:18:36;FALSE;1
"554";"302218302";92;222;6;396;2011-05-20 20:18:36;FALSE;2
"555";"48601876";13605;157477;1204;627;2009-06-19 03:56:14;TRUE;1
"556";"119576244";1909;37001;0;14;2010-03-04 01:54:55;FALSE;1
"557";"23319704";113682;1361;873;423;2009-03-08 15:47:24;FALSE;1
"558";"120172832";7594;6821;66;152;2010-03-05 17:47:55;FALSE;1
"559";"3948971";6087;18981;438;154;2007-04-09 22:12:47;FALSE;1
"560";"172751224";27778;79008;233;11107;2010-07-30 14:29:30;FALSE;1
"561";"172751224";27778;79008;233;11107;2010-07-30 14:29:30;FALSE;2
"562";"2516887590";559;905;6;1471;2014-05-23 03:02:22;FALSE;2
"563";"153841244";93;115;7;512;2010-06-09 17:43:20;FALSE;2
"564";"229523158";6050;409;11;402;2010-12-22 16:35:01;FALSE;1
"565";"229523158";6050;409;11;402;2010-12-22 16:35:01;FALSE;2
"566";"99307805";18593;335;317;522;2009-12-25 15:38:12;FALSE;1
"567";"99307805";18593;335;317;522;2009-12-25 15:38:12;FALSE;2
"568";"149176383";3571;149;3;122;2010-05-28 16:19:21;FALSE;1
"569";"149176383";3571;149;3;122;2010-05-28 16:19:21;FALSE;2
"570";"74056502";9032;139;5;121;2009-09-14 03:29:48;FALSE;1
"571";"74056502";9032;139;5;121;2009-09-14 03:29:48;FALSE;2
"572";"129543258";2730;35238;1;40633;2010-04-04 17:01:09;FALSE;1
"573";"129543258";2730;35238;1;40633;2010-04-04 17:01:09;FALSE;2
"574";"2216004261";4970;155;74;571;2013-12-09 16:40:13;FALSE;2
"575";"112083250";200;82;24;235;2010-02-07 06:16:27;FALSE;1
"576";"112083250";200;82;24;235;2010-02-07 06:16:27;FALSE;2
"577";"1566011724";281;7036;0;7;2013-07-03 15:27:18;FALSE;1
"578";"28588050";49041;1421610;15;1856;2009-04-03 15:43:01;TRUE;1
"579";"87316523";30767;60450;35;1791;2009-11-03 23:52:12;FALSE;1
"580";"257543836";120503;183936;0;180826;2011-02-25 17:10:30;FALSE;1
"581";"257543836";120503;183936;0;180826;2011-02-25 17:10:30;FALSE;2
"582";"144717107";6218;19107;25;91;2010-05-17 03:38:54;FALSE;1
"583";"121599027";177;92;7;233;2010-03-10 00:51:18;FALSE;1
"584";"121599027";177;92;7;233;2010-03-10 00:51:18;FALSE;2
"585";"14800352";1388;347465;2;67929;2008-05-16 15:56:10;FALSE;1
"586";"14749606";985;3967498;1582;21;2008-05-12 20:54:34;TRUE;1
"587";"105219620";216148;542657;32;155426;2010-01-15 18:37:17;TRUE;1
"588";"93494670";2414;47120;42;16;2009-11-29 22:38:37;FALSE;1
"589";"205894520";21;95;1;219;2010-10-21 20:58:16;FALSE;1
"590";"130161814";12872;5701;249;3617;2010-04-06 14:05:37;FALSE;1
"591";"130161814";12872;5701;249;3617;2010-04-06 14:05:37;FALSE;2
"592";"303486739";38;46;50;91;2011-05-22 23:32:06;FALSE;2
"593";"317432144";11822;410;1235;428;2011-06-14 22:51:20;FALSE;1
"594";"107152002";344;211;6;790;2010-01-21 18:01:36;FALSE;1
"595";"107152002";344;211;6;790;2010-01-21 18:01:36;FALSE;2
"596";"2417885778";13121;15814;0;9;2014-03-29 19:30:48;FALSE;1
"597";"89476980";14120;972106;16;322;2009-11-12 16:07:36;FALSE;1
"598";"50815191";32686;272114;2226;4491;2009-06-25 23:32:43;TRUE;1
"599";"38073261";4141;258;51;995;2009-05-06 01:06:00;FALSE;2
"600";"16838106";1606;46706;0;288;2008-10-18 11:34:28;FALSE;1
"601";"206929656";7520;165;74;475;2010-10-24 02:40:44;FALSE;1
"602";"206929656";7520;165;74;475;2010-10-24 02:40:44;FALSE;2
"603";"78687173";153424;882051;32;490227;2009-09-30 19:27:05;FALSE;1
"604";"89962884";8097;227;10;420;2009-11-14 15:58:48;FALSE;1
"605";"89962884";8097;227;10;420;2009-11-14 15:58:48;FALSE;2
"606";"111288167";1519;1200;0;135;2010-02-04 12:02:36;FALSE;1
"607";"7833422";17716;134462;305;1415;2007-07-31 00:14:29;TRUE;1
"608";"78630413";25165;35140;23;740;2009-09-30 15:32:59;FALSE;1
"609";"1125890876";2580;2562;117;2801;2013-01-27 18:49:08;FALSE;2
"610";"45349913";7915;1399;1;15;2009-06-07 14:43:46;FALSE;1
"611";"129946814";112464;57667;0;50661;2010-04-05 21:55:35;FALSE;1
"612";"129946814";112464;57667;0;50661;2010-04-05 21:55:35;FALSE;2
"613";"215728825";570460;245069;27;64;2010-11-14 19:17:59;FALSE;1
"614";"14117984";20268;46856;1;35;2008-03-10 22:07:38;FALSE;1
"615";"144306325";5;60;0;1;2010-05-15 22:47:40;FALSE;1
"616";"2321708694";1726;211;0;97;2014-02-01 03:38:51;FALSE;1
"617";"2321708694";1726;211;0;97;2014-02-01 03:38:51;FALSE;2
"618";"246798583";36084;70629;403;15831;2011-02-03 14:00:28;FALSE;1
"619";"246798583";36084;70629;403;15831;2011-02-03 14:00:28;FALSE;2
"620";"347917081";15759;260651;1111;926;2011-08-03 15:40:39;FALSE;1
"621";"208672808";103;141;0;384;2010-10-27 18:19:50;FALSE;2
"622";"162868494";1659;200;31;256;2010-07-04 22:54:25;FALSE;1
"623";"162868494";1659;200;31;256;2010-07-04 22:54:25;FALSE;2
"624";"113397506";1750;4451;44;3076;2010-02-11 16:39:55;FALSE;2
"625";"113397506";1751;4452;44;3076;2010-02-11 16:39:55;FALSE;1
"626";"240716661";756;169;5;515;2011-01-20 15:40:15;FALSE;2
"627";"235576823";24180;8731;2;9635;2011-01-08 15:12:19;FALSE;1
"628";"235576823";24180;8731;2;9635;2011-01-08 15:12:19;FALSE;2
"629";"95065841";15113;387;61;333;2009-12-06 20:23:48;FALSE;1
"630";"95065841";15113;387;61;333;2009-12-06 20:23:48;FALSE;2
"631";"15051358";16527;35589;0;3;2008-06-08 23:36:12;FALSE;1
"632";"156113195";115966;431351;87;140982;2010-06-16 01:56:20;FALSE;1
"633";"44376252";85846;44605;38;140;2009-06-03 15:04:40;FALSE;1
"634";"1604080988";154105;2177;2550;832;2013-07-18 18:41:58;FALSE;1
"635";"128711266";200020;376639;470;215625;2010-04-02 00:05:31;FALSE;1
"636";"128711266";200020;376639;470;215625;2010-04-02 00:05:31;FALSE;2
"637";"103721536";510;534;0;539;2010-01-11 01:41:44;FALSE;1
"638";"103721536";510;534;0;539;2010-01-11 01:41:44;FALSE;2
"639";"2470294711";34473;755;86;132;2014-04-30 03:42:24;FALSE;1
"640";"86636652";3325;2568;13;2864;2009-11-01 01:20:25;FALSE;1
"641";"86636652";3325;2568;13;2864;2009-11-01 01:20:25;FALSE;2
"642";"43142729";7584;146327;907;264;2009-05-28 16:30:06;TRUE;1
"643";"73217736";30383;118499;240;1362;2009-09-10 20:53:28;TRUE;1
"644";"242463821";507;142;17;275;2011-01-24 21:07:27;FALSE;1
"645";"242463821";507;142;17;275;2011-01-24 21:07:27;FALSE;2
"646";"130512183";33090;598;278;423;2010-04-07 14:10:52;FALSE;2
"647";"130512183";33091;598;278;423;2010-04-07 14:10:52;FALSE;1
"648";"135746991";68;44;2;197;2010-04-22 04:26:02;FALSE;2
"649";"50393960";1599;20862867;4;166;2009-06-24 18:44:10;TRUE;1
"650";"2577112556";2960;312;0;1987;2014-06-19 16:11:35;FALSE;2
"651";"1223513665";65058;112347;197;109026;2013-02-27 03:12:52;FALSE;1
"652";"555992818";308;600;0;945;2012-04-17 14:01:14;FALSE;2
"653";"121761085";1388;599;7;540;2010-03-10 14:07:11;FALSE;1
"654";"240000044";29335;983316;198;2;2011-01-18 23:01:41;FALSE;1
"655";"1936264500";336;11490;0;0;2013-10-05 03:39:58;FALSE;1
"656";"278825626";394;334;7;1507;2011-04-08 01:46:36;FALSE;2
"657";"156250537";79;703;0;985;2010-06-16 12:17:47;FALSE;1
"658";"156250537";79;703;0;985;2010-06-16 12:17:47;FALSE;2
"659";"366275868";4883;339;19;648;2011-09-01 22:01:47;FALSE;2
"660";"103011766";27583;643;124;502;2010-01-08 15:33:31;FALSE;1
"661";"103011766";27583;643;124;502;2010-01-08 15:33:31;FALSE;2
"662";"155258581";21650;499803;0;50754;2010-06-13 16:26:10;FALSE;1
"663";"273185837";11018;105;1679;70;2011-03-28 00:42:56;FALSE;1
"664";"273185837";11018;105;1679;70;2011-03-28 00:42:56;FALSE;2
"665";"144168521";225;58;13;292;2010-05-15 14:03:38;FALSE;2
"666";"254822856";383;414;348;1878;2011-02-20 02:43:22;FALSE;2
"667";"161497809";13228;206;38;503;2010-07-01 00:49:19;FALSE;2
"668";"1478180490";2208;548;4;1046;2013-06-02 21:01:57;FALSE;2
"669";"340656608";10510;18298;0;9;2011-07-23 02:00:05;FALSE;1
"670";"59242308";127253;191096;432;4837;2009-07-22 20:40:16;FALSE;1
"671";"67159499";11600;5318;1;4314;2009-08-19 23:31:14;FALSE;1
"672";"67159499";11600;5318;1;4314;2009-08-19 23:31:14;FALSE;2
"673";"95550943";56442;29939;639;14830;2009-12-09 01:58:42;FALSE;1
"674";"95550943";56442;29939;639;14830;2009-12-09 01:58:42;FALSE;2
"675";"220999207";10517;14238;218;11745;2010-11-29 13:14:27;FALSE;2
"676";"848203466";2637;77567;501;99;2012-09-26 22:02:07;FALSE;1
"677";"18570124";2948;603;40;177;2009-01-03 01:53:13;FALSE;1
"678";"1318036208";26;5;0;47;2013-03-31 09:12:38;FALSE;2
"679";"1424120394";116;72;5;315;2013-05-12 22:14:08;FALSE;2
"680";"1634399586";176;144;2;167;2013-07-31 03:04:00;FALSE;2
"681";"411130346";22;31;0;49;2011-11-13 01:21:28;FALSE;2
"682";"130056548";251;322;15;1095;2010-04-06 05:10:27;FALSE;2
"683";"19163950";176;258;19;476;2009-01-19 00:25:12;FALSE;2
"684";"21237045";6847;762581;607;539;2009-02-18 20:27:45;TRUE;1
"685";"19486379";22489;1829;73;206;2009-01-25 12:23:34;FALSE;1
"686";"45278644";119776;2054;36;1918;2009-06-07 03:54:15;FALSE;2
"687";"45278644";119782;2054;36;1918;2009-06-07 03:54:15;FALSE;1
"688";"283574432";32;270;0;272;2011-04-17 15:25:00;FALSE;2
"689";"419638805";71;62;7;289;2011-11-23 16:07:39;FALSE;2
"690";"61797871";62416;187538;72;7020;2009-07-31 15:38:49;FALSE;1
"691";"302954981";303;11534;0;12;2011-05-22 02:02:27;FALSE;1
"692";"66736384";25276;302206;2;544;2009-08-18 17:12:21;TRUE;1
"693";"245475127";170;72;7;3;2011-01-31 19:46:35;FALSE;1
"694";"130971174";467;2363;0;2752;2010-04-08 22:11:08;FALSE;1
"695";"130971174";467;2363;0;2752;2010-04-08 22:11:08;FALSE;2
"696";"329845286";2277;3565;0;94;2011-07-05 18:17:07;FALSE;1
"697";"67736078";64956;3518036;2;136;2009-08-21 22:19:28;TRUE;1
"698";"36600922";2852;468900;1;45;2009-04-30 05:02:44;FALSE;1
"699";"107478197";1872;18159;104;1319;2010-01-22 17:57:29;FALSE;1
"700";"243742269";9048;177338;3668;113;2011-01-27 18:25:13;FALSE;1
"701";"813286";13265;56866561;8;644007;2007-03-05 22:08:25;TRUE;1
"702";"26661354";686;88086;37;31;2009-03-26 02:03:45;TRUE;1
"703";"209247337";1169;526;1;1973;2010-10-28 20:25:53;FALSE;1
"704";"174641507";644;2757;11;246;2010-08-04 12:51:01;FALSE;1
"705";"174641507";644;2757;11;246;2010-08-04 12:51:01;FALSE;2
"706";"262834640";5028;397;7;1027;2011-03-08 21:21:56;FALSE;2
"707";"789363720";6007;25439;0;11568;2012-08-29 13:40:51;FALSE;1
"708";"195903246";118412;53008;104;706;2010-09-27 21:21:55;FALSE;1
"709";"45720165";160396;3070;341;2412;2009-06-09 00:48:19;FALSE;1
"710";"11761292";22581;647298;0;7;2008-01-02 16:38:44;FALSE;1
"711";"351849752";281;678;9;1990;2011-08-09 20:25:32;FALSE;2
"712";"22633619";4092;741;285;1128;2009-03-03 15:21:48;FALSE;1
"713";"142102462";101138;280;0;104;2010-05-10 00:02:25;FALSE;2
"714";"527877737";10673;405483;8427;1082;2012-03-17 21:57:42;FALSE;1
"715";"60385057";9993;25670;172;894;2009-07-26 20:10:18;FALSE;1
"716";"8131652";10990;41283;430;152;2007-08-11 23:52:56;FALSE;1
"717";"38424468";1315;77687;444;130;2009-05-07 12:55:16;FALSE;1
"718";"52574719";15242;77447;69;8904;2009-07-01 00:30:21;FALSE;1
"719";"186443862";32442;157427;59;33460;2010-09-03 13:44:25;TRUE;1
"720";"186443862";32442;157427;59;33460;2010-09-03 13:44:25;TRUE;2
"721";"18736723";50786;68114;1652;1910;2009-01-07 20:28:01;FALSE;1
"722";"261992292";7718;10464;42;3114;2011-03-07 03:37:05;FALSE;1
"723";"17463362";132;1391;0;1932;2008-11-18 12:52:54;FALSE;2
"724";"162863048";3133;158;56;187;2010-07-04 22:34:07;FALSE;2
"725";"75476835";5854;351;33;430;2009-09-19 04:53:26;FALSE;1
"726";"75476835";5854;351;33;430;2009-09-19 04:53:26;FALSE;2
"727";"799574545";17;38;0;62;2012-09-03 03:52:53;FALSE;2
"728";"269552458";1541;140;228;203;2011-03-21 00:56:36;FALSE;1
"729";"269552458";1541;140;228;203;2011-03-21 00:56:36;FALSE;2
"730";"204547706";304;99;14;227;2010-10-18 23:17:27;FALSE;2
"731";"596986461";837;289;0;1140;2012-06-01 23:43:30;FALSE;2
"732";"158945641";2657;2461;11;218;2010-06-24 02:10:04;FALSE;1
"733";"116342629";14795;4976;28;2045;2010-02-22 03:34:22;FALSE;1
"734";"116342629";14795;4976;28;2045;2010-02-22 03:34:22;FALSE;2
"735";"132128409";2023;1096;107;565;2010-04-12 10:42:18;FALSE;1
"736";"103691935";5682;431;38;622;2010-01-10 23:10:27;FALSE;1
"737";"103691935";5682;431;38;622;2010-01-10 23:10:27;FALSE;2
"738";"36189463";11125;2667;2;2646;2009-04-28 21:29:09;FALSE;1
"739";"36189463";11125;2667;2;2646;2009-04-28 21:29:09;FALSE;2
"740";"146965317";2541;323;56;1349;2010-05-22 20:57:30;FALSE;2
"741";"906875820";201;45;2;255;2012-10-26 22:17:52;FALSE;2
"742";"254810599";1420;79;54;161;2011-02-20 02:05:37;FALSE;1
"743";"254810599";1420;79;54;161;2011-02-20 02:05:37;FALSE;2
"744";"19415443";16073;664;84;730;2009-01-23 21:37:36;FALSE;1
"745";"19415443";16073;664;84;730;2009-01-23 21:37:36;FALSE;2
"746";"42434332";13828;3436131;1;335905;2009-05-25 16:23:17;TRUE;1
"747";"42277995";19867;61153;138;9449;2009-05-24 20:43:35;FALSE;1
"748";"168848143";5812;4566;22;2792;2010-07-20 23:11:49;FALSE;1
"749";"168848143";5812;4566;22;2792;2010-07-20 23:11:49;FALSE;2
"750";"131312097";1268;346;121;747;2010-04-09 22:36:00;FALSE;2
"751";"606798518";772;429;13;1974;2012-06-13 01:43:45;FALSE;2
"752";"154757347";1209;739;4;359;2010-06-12 03:35:01;FALSE;2
"753";"413408114";1482;240;119;434;2011-11-15 21:10:44;FALSE;2
"754";"37060788";10598;436198;319;385;2009-05-01 22:25:37;TRUE;1
"755";"149993403";2336;308;23;464;2010-05-30 19:45:16;FALSE;1
"756";"149993403";2336;308;23;464;2010-05-30 19:45:16;FALSE;2
"757";"254158140";2696;98;22;93;2011-02-18 18:36:31;FALSE;1
"758";"254158140";2696;98;22;93;2011-02-18 18:36:31;FALSE;2
"759";"46301130";57044;3893;0;3146;2009-06-11 03:15:14;FALSE;1
"760";"46301130";57044;3893;0;3146;2009-06-11 03:15:14;FALSE;2
"761";"18200400";50058;291178;18;23;2008-12-17 21:28:48;FALSE;1
"762";"592242169";4354;153;2886;1312;2012-05-27 23:49:06;FALSE;2
"763";"783214";1946;36355254;21;102;2007-02-20 14:35:54;TRUE;1
